cod_interprete,interprete
1,"Mastruz com Leite"
2,"Mastruz Com Leite"
3,"Cavalo de Pau"
4,"Calango Acesso"
5,"Mel Com Terra"
6,"Styllus"
7,"Cavalo de Pau"
8,"Eliane"
9,"Mastruz Com Leite"
10,"O Forrozão"
11,"Gonzagão e Fagner"
12,"Rita de Cássia & Redondo"
13,"Aquárius"
14,"Domiguinhos "
15,"Luiz Gonzaga"
16,"Nando Cordel"
17,"Jorge de Altinho"
18,"Gonzagão e Gonzaguinha"
19,"Cebola Ralada"
20,"Flávio José"
21,"Novinho da Paraíba"
22,"Alcymar Monteiro"
23,"Alcymar Monteiro"
24,"Chiclete com Banana"
25,"Forró Maior"
26,"Kátia di Tróia"
27,"Feijão com Arroz"
28,"Chá de Hortelã"
29,"Magníficos"
30,"Capim e Canela"
31,"Jorge de Altinho"
32,"Viva Gonzagão"
33,"Elba Ramalho"
34,"Mastruz com Leite"
35,"Eliane"
36,"Forró Brasil"
37,"Luiz Gonzaga"
38,"Forró Mania"
39,"Domiguinhos"
40,"Raio da Silibrina"
41,"Assisão"
42,"Rabo de Saia"
43,"Café Coado"
44,"Nando Cordel"
45,"Keijo com Mel"
46,"Brucelose/Gilson Neto"
47,"Forró Maior"
48,"Luiz Gonzaga"
49,"Domiguinhos"
50,"Mastruz com Leite"
51,"Assisão"
52,"Zinho e Banda Girassol"
53,"Balaio de Gatos"
54,"Rabo de Saia"
55,"Bicho de Pé"
56,"Dançando Forró 95"
57,"Mel com Terra"
58,"Mel com Terra"
59,"Forró Bronzeado"
60,"Luiz Gonzaga"
61,"Capital do Forró"
62,"Na Onda do Forró"
63,"Forró"
64,"Luiz Gonzaga"
65,"Styllus"
66,"Mastruz com Leite"
67,"Dedim Gouveia / Banda Rayalle"
68,"Sirano e banda Só O Mie"
69,"Forró do Gonzagão"
70,"Nando Cordel"
71,"Viva a Noite"
72,"Sirano"
73,"Flávio José"
74,"Maciel Melo"
75,"Alcymar Monteiro"
76,"Rita de Cássia & Redondo"
77,"Malícia"
78,"Café Cuado"
79,"Café Cuado"
80,"Peru de Ouro"
81,"Na Folia do Forró"
82,"Na Folia do Forró II"
83,"Mastruz com Leite"
84,"Luíz Fidelis"
85,"Forró Que Não Acaba Mais"
86,"Oxentemusic"
87,"Luiz Gonzaga"
88,"Mistura de Amor"
89,"Limão com Mel"
90,"Marinês"
91,"Jorge de Altinho"
92,"Passport"
93,"Palov"
94,"Márcia Rodrigues "
95,"Flávio José"
96,"Calango Aceso"
97,"Clemilda"
98,"Flávio José"
99,"Aquárius"
100,"Félix Porfírio"
101,"Fabiana"
102,"Alcymar Monteiro"
103,"Magnificos"
104,"Amazan"
105,"Assisão"
106,"Chá de Hortelã Vol III"
107,"Genival Lacerda"
108,"Novinho da Paraíba"
109,"Jorge de Altinho"
110,"Percurso Musical"
111,"Alcymar Monteiro"
112,"Palov"
113,"Cilene Araújo"
114,"João Bandeira"
115,"João Bandeira"
116,"Capital do Sol"
117,"4 Fases do Forró"
118,"Forró Legal"
119,"Os Piratas do Forró"
120,"Renato Fechine "
121,"Genival lacerda"
122,"Pula a Fogueira"
123,"Forró Legal"
124,"Forró Maior"
125,"Limão Com Mel"
126,"Luiz Gonzaga"
127,"Cavalo de Pau"
128,"Café Coado"
129,"Gerson Filho"
130,"Mastruz com Leite"
131,"Gerson Filho"
132,"Eliane"
133,"Anjos e Demonios"
134,"Forrobodó"
135,"Keijo com Mel"
136,"Feijão com Arroz"
137,"Dominguinhos"
138,"Forró Maior "
139,"Jorge de Altinho"
140,"Heleno"
141,"Êta Baile Arretado"
142,"Ô Xente Music"
143,"Zé Elias"
144,"Manoelito Sena"
145,"Chico Amaro"
146,"Maciel Melo"
147,"Arrasta-pé"
148,"Forró Maior"
149,"Duda da Passira"
150,"Geraldo Rodrigues"
151,"Forró Legal"
152,"Banda Max"
153,"Araújo"
154,"Banda Maradona"
155,"Aquarela Junina"
156,"Piky com Sal"
157,"Geovane Júnior"
158,"Sirano"
159,"Cacau com Leite"
160,"Silveirnha"
161,"Assisão"
162,"Brucelose Vol 2"
163,"Novinho da Paraíba"
164,"Pimenta do Reino"
165,"Miolo de Pote"
166,"Cebola Ralada"
167,"Leite de Côco"
168,"Trio Nordestino"
169,"Trio Nordestino"
170,"Eliane"
171,"Dominguinhos"
172,"Rita de Cássia e Redondo"
173,"Fole Safado"
174,"Lázaro do Piauí"
175,"Nando Cordel"
176,"Eliane"
177,"Forró Mania"
178,"Baby Som"
179,"Forró Brasil"
180,"Flor da Terra"
181,"Mastruz com leite"
182,"Cabeça de Touro"
183,"Chico Lopes e Banda Aquários"
184,"Baby Som"
185,"Alcymar Monteiro"
186,"Styllus"
187,"Luiz Gonzaga"
188,"Mastruz com Leite"
189,"Sertania"
190,"Bicho de Pé"
191,"Zé Celestino"
192,"Black Banda"
193,"Sirano"
194,"Vitamina C"
195,"Rabo de Saia"
196,"Alcymar Monteiro"
197,"Doce Mel"
198,"Mastruz com Leite"
199,"Cavalo de Pau"
200,"Capital do Forró"
201,"Forró da Brucelose"
202,"Joquinha Gonzaga"
203,"líbanos"
204,"Banda Rapadura"
205,"Metrópole"
206,"Flávio José"
207,"Magníficos"
208,"Arrasta Pé II"
209,"Limão com Mel Vol III"
210,"Pisa na Fulô"
211,"Chá de Hortelã Vol 4"
212,"Redondo e Rita de Cássia"
213,"Trio Nordestino"
214,"Só Solo"
215,"Carlos Rilmar"
216,"Anjos e Demônios II"
217,"Petrúcio Amorim"
218,"Sirano"
219,"Fabiana"
220,"Xamego de Menina"
221,"Som Maior"
222,"Banda Magia"
223,"Pimenta do Reino"
224,"Novinho da Paraíba"
225,"Viva a Noite"
226,"Jorge de Altinho"
227,"Circuito Musical"
228,"Forró Lotado"
229,"Eliane"
230,"Forró Maior"
231,"Cebola Ralada"
232,"Catuaba com Amendoim"
233,"Mexe Ville"
234,"Quenga de Coco"
235,"Xamego de Menina"
236,"Dominguinhos e Convidados"
237,"Dominguinhos e Convidados 2"
238,"Aquárius"
239,"Pífanos de Caruaru"
240,"Jackson do Pandeiro"
241,"Delírius"
242,"Baby Som Vol IV"
243,"Nando Cordel"
244," Jacksom do Pandeiro"
245,"Flor de Cheiro"
246,"Capital do Sol"
247,"Flor da Terra"
248,"Café com Leite"
249,"Baby Som"
250,"Frank Aguiar"
251,"Mastruz com Leite"
252,"Calango Aceso"
253,"Os Arretados"
254,"Alcymar Monteiro"
255,"Mastruz com Leite"
256,"Mastruz com Leite"
257,"Mastruz com Leite"
258,"Styllus"
259,"Cavalo de Pau"
260,"Nando Cordel"
261,"Brucelose"
262,"Anjos e Demônios"
263,"Ratinho"
264,"Barraca do Gonzagão"
265,"Flávio José"
266,"Limão com Mel"
267,"Mastruz com Leite"
268,"Capim e Canela"
269,"Caviar com Rapadura"
270,"Alceu Valença"
271,"Piky com Sal"
272,"Magnificos"
273,"Cheiro de Amor"
274,"Asa de Águia"
275,"Olodum"
276,"Ricardo Chaves "
277,"Timbalada"
278,"Mel com Terra"
279,"Calcinha Preta"
280,"Frank Aguiar"
281,"Baby Som"
282,"Luíz Fidélis e Banda Cachorra da Mulesta"
283,"Chiclete com Banana"
284,"Chiclete com Banana"
285,"Luiz Caldas"
286,"Pimenta Nativa"
287,"Ara Ketu"
288,"Bamda Mel"
289,"Daiela Mercury"
290,"Simone Moreno"
291,"Cheiro de Amor "
292,"Cheiro de Amor"
293,"Pimenta Nativa"
294,"Banda Eva"
295,"Luiz Caldas"
296,"Tonho Matéria"
297,"Olodum"
298,"Ara Ketu"
299,"Axé Bahia"
300,"Daniela Mercury"
301,"Cheiro de Amor"
302,"Banda Beijo"
303,"Daniela Mercury"
304,"Banda Feras"
305,"Banda de Maçã"
306,"Chiclete com Banana"
307,"Banda Eva"
308,"Chiclete com Banana"
309,"Bândabah"
310,"O Som Tropical do Brasil"
311,"Netinho"
312,"Simone Moreno"
313,"Margareth Menezes"
314,"Cheiro de Amor"
315,"Asa de Águia"
316,"Banda Reluz"
317,"Nando  Borges"
318,"Armandinho Dodô e Osmar"
319,"Bamda Mel"
320,"Zé Paulo"
321,"Ricardo Chaves"
322,"Pimenta N'ativa"
323,"Tonho Matéria"
324,"Timbalada"
325,"Banda Vinil"
326,"Banda Eva"
327,"Olodum"
328,"Banda Beijo"
329,"Netinho"
330,"Timbalada"
331,"Axé Bahia 96"
332,"Bândabah"
333,"Asa de Águia"
334,"Cheiro de Amor"
335,"Cheiro de Amor"
336,"Filhos de Gandhy"
337,"Papa Léguas"
338,"Ricardo Chaves"
339,"Salada de Frutas"
340,"Sarajane"
341,"Axé Band"
342,"Banda Mel"
343,"Banda Mel"
344,"Ju Medeiros"
345,"Olodum"
346,"Banda Mel"
347,"Bragadá"
348,"Carlinhos Brown"
349,"Jheremmias Não Bate Corner"
350,"Axé, Caê"
351,"Cheiro de Amor"
352,"Daniela Mercury"
353,"Jheremmias Não Bate Corner"
354,"Marcia Freire"
355,"Netinho"
356,"Chiclete com Banana"
357,"É O Tchan"
358,"Ara Ketu"
359,"Bamda Mel"
360,"Micareta"
361,"Jheremmias"
362,"Companhia do Pagode"
363,"Banda Eva"
364,"Olodum"
365,"Tonho Matéria"
366,"Asa de Águia"
367,"Osmar Macêdo"
368,"Pimenta Nativa"
369,"Zé Paulo"
370,"Banda Reflexu's"
371,"Axé Bahia"
372,"Jovem Pan"
373,"Chiclete com Banana"
374,"Banda Eva"
375,"Cheiro de Amor"
376,"Xexéu"
377,"Companhia do Pagode"
378,"Asa de Águia"
379,"Som Brasil"
380,"Boquinha da Garrafa"
381,"Bamda Mel"
382,"Timbalada"
383,"É o Tchan"
384,"Axé Band"
385,"Tonho Metéria"
386,"Netinho"
387,"Ara Ketu"
388,"Timbalada"
389,"Netinho"
390,"Olodum"
391,"Jammil e Uma Noites"
392,"Asa de Águia"
393,"Ricardo Chaves"
394,"Márcia Freire"
395,"Bragadá"
396,"Pimenta Nativa"
397,"Axé Bahia"
398,"Cheiro de Amor"
399,"Cheiro de Amor"
400,"Companhia do Pagode"
401,"Chiclete com Banana"
402,"Jorge de Altinho"
403,"Xamego de Menina"
404,"Mastruz com Leite"
405,"Sambas Enredo de Sempre"
406,"Clara Nunes"
407,"Emílio Santiago"
408,"Emílio Santiago"
409,"Razão Brasileira"
410,"Banda Brasil"
411,"Sambas Enredo 95"
412,"Negritude Junior"
413,"Fundo de Quintal"
414,"Grupo Raça"
415,"Grupo Gamação"
416,"Grupo Pirraça"
417,"Beth Carvalho"
418,"Martinho da Vila"
419,"Só Pra Contrariar"
420,"Molejo"
421,"Gera Samba"
422,"Raça Negra"
423,"Emílio Santiago"
424,"Molejo"
425,"Ginga Pura"
426,"Raça Negra"
427,"Os Morenos"
428,"Emílio Santiago"
429,"Dhema"
430,"Ginga Pura"
431,"Grupo Força, Fé e Raíz"
432,"Só Preto Sem Precoceito"
433,"Grupo Papo 10"
434,"Banda Brasil"
435,"Trasamba"
436,"Emílio Santiago"
437,"Emílio Santiago"
438,"Almir Guinéto"
439,"Fundo De Quintal"
440,"Eliana de Lima"
441,"Terrasamba"
442,"Razão Brasileira"
443,"Grupo Pirraça"
444,"Emílio Santiago"
445,"Emílio Santiago"
446,"Samba e Pagode"
447,"Martinho da Vila"
448,"Grupo Raça"
449,"Deita e Rola"
450,"Zeca Pagodinho"
451,"Gera Samba"
452,"Katinguelê"
453,"Katinguelê"
454,"Grupo Raça"
455,"Grupo Remix"
456,"Cor da Pele"
457,"Companhia do Samba"
458,"Sambas de Enredo"
459,"Fundo de Quintal"
460,"Raça Negra"
461,"Art Popular"
462,"Banda Mexe Comigo"
463,"Elson"
464,"Raça Negra"
465,"Grupo Apoteose"
466,"Ginga Pura"
467,"Leci Brandão"
468,"Cravo e Canela"
469,"Royce do Cavaco"
470,"Martinho da Vila"
471,"Royce do Cavaco"
472,"Companhia do Pagode"
473,"Art Popular"
474,"Comando Geral"
475,"Raça Negra"
476,"Samba"
477,"Elson"
478,"Zeca Pagodinho"
479,"Beth Carvalho"
480,"Samba Nas Coxas"
481,"Grupo Raça"
482,"Grupo Sambalanço"
483,"Sambas da Bahia"
484,"Beth Carvalho e Martinho da Vila"
485,"Fundo de Quintal"
486,"Fundo de Quintal"
487,"Fundo de Quintal"
488,"Fundo de Quintal"
489,"Fundo de Quintal"
490,"Martinho da Vila"
491,"Neguinho da Beija-Flor"
492,"Samba e Pagode Vol 2"
493,"Os Morenos"
494,"Cravo e Canela"
495,"Preto no Branco"
496,"Raça Negra"
497,"Grupo Tempero"
498,"Free Samba"
499,"Adryana Ribeiro"
500,"Casa de Samba"
501,"Molejo"
502,"Katinguelê"
503,"Exaltasamba"
504,"Grupo União"
505,"Só Pra Contrariar"
506,"Banda Brasil"
507,"A Baba do Pagode"
508,"Royce do Cavaco"
509,"Só Preto Sem Preconceito"
510,"Só Pra Contrariar"
511,"Só Pra Contrariar"
512,"Do Jeito Q'eu Gosto"
513,"Da Melhor Qualidade"
514,"Terrra Samba"
515,"Razão Brasileira"
516,"Beth Carvalho"
517,"Zeca Pagodinho"
518,"Grupo Alto Astral"
519,"Grupo Raça"
520,"Grupo Fundo de Quintal"
521,"Negritude Junior"
522,"Samba e Pagode"
523,"Samburika"
524,"Mocidade Hits"
525,"Grupo Fora de Série"
526,"Sambas de Enredo"
527,"Samba de Natal"
528,"Gera Samba"
529,"Samba Mix"
530,"Beth Carvalho"
531,"Pagunça"
532,"Eliana de Lima"
533,"Grupo Sem Nome"
534,"Legião do Samba"
535,"Salvador, Mania de Pagode"
536,"Só Pra Contrariar"
537,"Grupo Só de Onda"
538,"Katinguelê"
539,"Raça Negra"
540,"Martinho da Vila"
541,"Cor da Pele"
542,"Negritude Junior"
543,"Exaltasamba"
544,"Malícia"
545,"Karametade"
546,"Pagode Brasil"
547,"Grupo Sensação"
548,"Grupo Raça"
549,"Zeca Pagodinho"
550,"Martinho da Vila"
551,"Grupo Raça"
552,"Terra Samba"
553,"Negritude Junior"
554,"Marquinhos Satã"
555,"Os Originais do Samba"
556,"Só Pra Contrariar"
557,"Art Popular"
558,"Molejo"
559,"Samba e Pagode"
560,"Martinho da Vila"
561,"Luiz Carlos"
562,"Fundo de Quintal"
563,"Legião do Samba"
564,"Zeca Pagodinho"
565,"Pega no Pagode"
566,"Soweto"
567,"Sambas de Enredo 98"
568,"Jorge Aragão"
569,"Katinguelê"
570,"Karametade"
571,"Orquestra Românticos de Cuba"
572,"Orquestra Sinfônica Românticos de Cuba"
573,"Canto Gregoriano"
574,"Canto Gregoriano II"
575,"Jóias da Música"
576,"Jóias da Música"
577,"Jóias da Música"
578,"Jóias da Música"
579,"Jóias da Música"
580,"Jóias da Música"
581,"Jóias da Música"
582,"Jóias da Música"
583,"Jóias da Música"
584,"Jóias  da Música"
585,"Vivaldi"
586,"Brahms"
587,"Mendessohn"
588,"Schumann"
589,"Dvorák"
590,"Boléro"
591,"Nuctracker"
592,"Eine Kleine Nachtmusik"
593,"Peer Gynt"
594,"Capim Com Mel"
595,"Forrozão da Condenada & Calcinha Preta"
596,"Forró Maior"
597,"Circuito Musical"
598,"Corisco do Trovão"
599,"Elba Ramalho"
600,"Capital do Sol"
601,"Quenga de Coco"
602,"Noda de Caju"
603,"Corisco do Trovão"
604,"Flávio José"
605,"Caviar com Rapadura"
606,"Caviar com Rapadura"
607,"Noda de Caju"
608,"Terra Samba"
609,"Jorge Aragão"
610,"Só No Sapatinho"
611,"Os Melhores do Ano"
612,"Sem Compromisso "
613,"Papo 10"
614,"Timbalada"
615,"Ara Ketu"
616,"Sem Compromisso"
617,"Carnaval Não é Brincadeira"
618,"Carnaval Não É Brincadeira"
619,"Capiba"
620,"Maracatu Nação Pernambuco"
621,"Banda Pinguim"
622,"Banda de Pau e Corda"
623,"Galo da Madrugada"
624,"Banda Pinguim"
625,"Banda Municipal do Recife"
626,"Bloco da Saudade"
627,"Carnaval do Pinduca"
628,"Versão Brasileira"
629,"Recifrevo"
630,"Coral Mocambo"
631,"Claudionor Germano"
632,"Nonô Germano"
633,"Recife Frevoé"
634,"Elyanna Caldas"
635,"Bloco da Saudade "
636,"Recifrevo"
637,"Banda Shampoo"
638,"Capiba"
639,"Frevo de Bloco"
640,"Frevo de Rua"
641,"Frevo Canção"
642,"Asas da América"
643,"Grandes Carnavais"
644,"Viva Capiba"
645,"Versão Brasileira"
646,"Almir Rouche e Banda Pinguim"
647,"Recife Frevoé"
648,"Pernambucália"
649,"Nelson Ferreira"
650,"Oxente Music"
651,"Banda de Maçã"
652,"Ronaldo & os Barcelos"
653,"Raça Negra"
654,"Jorge Aragão"
655,"Martinho da Vila"
656,"Negritude Júnior"
657,"Negritude Júnior"
658,"Kiloucura"
659,"É o Tchan "
660,"Araketu"
661,"Radio Hits 2"
662,"Chiclete com Banana"
663,"Pe. Zezinho"
664,"Nelson Ned"
665,"Cid Moreira"
666,"Nelson Ned"
667,"Nelson Ned"
668,"Pe. Zezinho "
669,"Pe. Zezinho"
670,"Pe. Zezinho "
671,"Pe. Zezinho"
672,"Pe. Zezinho "
673,"Pe. Zezinho"
674,"Pe. Zezinho"
675,"Pe. Zezinho"
676,"Pe. Zezinho"
677,"Pe. Zezinho"
678,"Pe. Zezinho"
679,"Nelson Ned"
680,"Catedral"
681,"J. Neto"
682,"Aline Barros"
683,"Alexandre Miranda & Grupo Portas Abertas"
684,"Pe. Zezinho"
685,"Catedral"
686,"Otto Klemperer"
687,"Dimitri Mitropoulos"
688,"Arturo Toscanini"
689,"Bruno Walter"
690,"José Carreras"
691,"The 3 Tenors In Concert  1994"
692,"Os Meninos de São Caetano        "
693,"As Eternas Valsas Vienenses"
694,"Wilhelm Backhaus"
695,"Placido Domingo"
696,"Callas / Di Stefano / Lanza / Pavarotti"
697,"Audio News Clássicos Barroco "
698,"Canto Gregoriano"
699,"Carlos Gomes "
700,"Cantos Gregorianos"
701,"Clássicos Românticos"
702,"Clássiscos From The Crypt"
703,"Shadowfax - The Dreams of Children"
704,"Tenores   Vol. I  Ao Vivo  "
705,"Pavarotti In Brazil"
706,"O Fantasma da Opera"
707,"Festival Clássico "
708,"Beethoven, Ludwing Van "
709,"Mozart  "
710,"Valsas Brasileiras"
711,"Strauss, Johan ( Os Grandes Classicos )"
712,"Beethoven, Ludwig Van"
713,"Carmina Burana"
714,"Os Três Anjos  "
715,"Audio News  -  Sinfonias"
716,"Lombardi"
717,"Papa João Paulo II"
718,"W. A. Mozart"
719,"Beethoven, Ludwig Van"
720,"Mozart "
721,"Tenores ao Vivo  2"
722,"Beethoven  "
723,"Maria Callas "
724,"Beethoven, Ludwig Van"
725,"Beethoven, Ludwig Van"
726,"Concertos Internacionais"
727,"Tenores ao Vivo "
728,"Os Mais Belos Clássicos"
729,"Amadeus Mozar, Wolfang"
730,"Tenores ao Vivo "
731,"Beethoven "
732,"Bach, Johan Sebastian "
733,"H. Berlioz "
734,"Beethoven, Ludwig Van "
735,"Canto Gregoriano "
736,"Chopin "
737,"Wagner"
738,"Prokofiev"
739,"Schubert"
740,"Verdi, Donizatti, Glinka"
741,"Tchaikovsky  "
742,"Grieg"
743,"Beethoven, Chopin, Schubert"
744,"Rimsky-Korsakov"
745,"Dvorak"
746,"Mozart & Mahler"
747,"Carmina Burana "
748,"Handel "
749,"Os Meninos de São Caetano"
750,"Tenores ao Vivo"
751,"Schubert, Franz"
752,"Tchaikóvski"
753,"Mozart"
754,"Bach"
755,"Beethoven"
756,"Vivaldi"
757,"Chopin"
758,"Ravel, Maurice"
759,"Tenores ao Vivo"
760,"Jose Carreras"
761,"Ravel"
762,"Tchaikovsky"
763,"Haendel"
764,"Giuseppe Verdi"
765,"Giuseppe Verdi"
766,"Casamentos Inesquecíveis"
767,"Gioacchino Rossini"
768,"Jose Carreras / Montserrat Caballé"
769,"Plácido Domingo"
770,"Coleções os 14 Grandes Tenores"
771,"Vivaldi,  As 4 Estações"
772,"Jose Carreras"
773,"Pavarotti & Friends"
774,"Tchaikovsky, Pjotr Ilyich"
775,"Bach, Johann Sebastian"
776,"Franz Schubert / Ludwig Van Beethoven"
777,"Albinoni / Marcello / Corelli / Vivaldi"
778,"Tchaikovsky / Liszt"
779,"Wagner"
780,"Vivaldi,  Antonio "
781,"Gustav Mahler"
782,"Grande Orquestra de Viena"
783,"Grieg  "
784,"Maria Callas"
785,"Tchaikovsky"
786,"Joseph Haydn"
787,"Nicanor Zabaleta"
788,"The 3 Tenors"
789,"The Best Classical Album in The World"
790,"Placido Domingos "
791,"As Mais Belas Valsas"
792,"Ave Maria "
793,"Virtual Orchestra"
794,"Caetano Veloso"
795,"Caetano Veloso"
796,"Elis Regina"
797,"Elis Regina"
798,"Elis Regina"
799,"Marina Lima"
800,"Zizi Possi"
801,"Elba Ramalho"
802,"Fábio Júnior"
803,"Ney Matogrosso"
804,"Leila Pinheiro"
805,"Leila Pinheiro"
806,"Leila Pinheiro"
807,"Tim Maia"
808,"Maria Bethânia"
809,"Alceu Valença"
810,"Djavan"
811,"Gilberto Gil"
812,"Vanguarda da Música Popular Brasileira"
813,"Ivan Lins"
814,"Jorge Ben Jor"
815,"Alcione"
816,"Edson Cordeiro"
817,"Geraldo Vandré"
818,"Gonzaguinha  ( Ao Vivo )"
819,"João Bosco"
820,"Zizi Possi"
821,"Milton Nascimento"
822,"Marisa Monte "
823,"Oswaldo Montenegro"
824,"Ópera do Malandro ( Chico Buarque )"
825,"Xuxa"
826,"Beto Guedes  "
827,"Tim Maia"
828,"Caetano Veloso"
829,"Ivan Lins"
830,"Beth Carvalho"
831,"The Fevers"
832,"Boca Livre"
833,"Nara Leão"
834,"Leo Gandelman"
835,"Flávio Venturini"
836,"Roupa Nova"
837,"Chico Buarque"
838,"Reginaldo Rossi"
839,"José Augusto"
840,"Simone"
841,"Gonzaguinha"
842,"Clara Nunes"
843,"MPB 4"
844,"Adriana Calcanhoto"
845,"Chitãozinho & Xororó"
846,"Leandro e Leonardo"
847,"Ney Matogrosso"
848,"Alceu Valença"
849,"Roupa Nova"
850,"Maria Bethânia"
851,"Maria Bethânia"
852,"Beto Guedes"
853,"Nana Caymmi"
854,"Nana Caymmi"
855,"Zezé di Camargo & Luciano"
856,"Roberto Carlos"
857,"Djavan"
858,"Zizi Possi"
859,"Ney Matogrosso"
860,"João Gilberto"
861,"Luiz Melodia"
862,"Dorival Caymmi"
863,"Fafá de Belém"
864,"Ângela Maria"
865,"Gilberto Gil"
866,"Alceu Valença"
867,"Tom Jobim"
868,"Almir Sater"
869,"Tom Jobim"
870,"Vinícius / Toquinho & Mais Amigos"
871,"Toquinho e Vinícius"
872,"Roberta Miranda"
873,"Renato Russo"
874,"Guilherme Arantes"
875,"Fagner"
876,"Simone"
877,"Falcão"
878,"Rosana"
879,"Nana Caymmi"
880,"Gal  Costa"
881,"Marina Lima"
882,"Djavan"
883,"Patrícia Marx"
884,"Milton Nascimento"
885,"Paulo Diniz"
886,"Joanna"
887,"Lisa Ono"
888,"Geraldo Vandré"
889,"Erasmo Carlos"
890,"Zé Ramalho"
891,"Guilherme Arantes"
892,"Belchior"
893,"Xangai"
894,"Nara Leão"
895,"Edson Cordeiro"
896,"Paulinho da Viola"
897,"Gilberto Gil"
898,"Eduardo Dusek"
899,"Angela & Cauby"
900,"Rita Lee"
901,"Danilo Caymmi"
902,"Geraldo Azevedo"
903,"Sá e Guarabyra"
904,"Elis Regina"
905,"Adriana Calcanhoto"
906,"Marisa Monte"
907,"Dori, Nana, Danilo e Dorival Caymmi"
908,"Ney Matogrosso"
909,"Sandy & Júnior"
910,"Nelson Gonçalves"
911,"Nelson Gonçalves"
912,"Osvaldo Montenegro"
913,"14 Bis"
914,"Quarteto Em Cy"
915,"Quarteto Em Cy"
916,"Gilberto Gil"
917,"14 Bis"
918,"Taiguara"
919,"Edson Gomes"
920,"Angela & Cauby"
921,"Banda de Pau e Corda"
922,"Nana Caymmi"
923,"Elymar Santos"
924,"Marcelo Augusto"
925,"Joyce"
926,"Joyce"
927,"Verônica Sabino"
928,"Tom Jobim"
929,"Eliana"
930,"Cantigas de Ninar"
931,"Tv Colosso 2"
932,"Mara "
933,"Eliana"
934,"Angélica"
935,"Trem da Alegria"
936,"Pátria Minha"
937,"Irmãos Coragem"
938,"Quinteto Violado"
939,"Pixinguinha"
940,"Elizeth Cardoso"
941,"Música Popular do Sul"
942,"Música Popular do Centro-Oeste / Sudeste 3"
943,"Música Popular do Nordeste"
944,"Música Popular do Norte"
945,"Morte e Vida Severina"
946,"Gonzaguinha"
947,"Gal Costa"
948,"Gal Costa"
949,"Quatro Por Quatro"
950,"Fagner"
951,"Fagner"
952,"Leoni"
953,"Helena Meirelles"
954,"Geraldo Azevedo"
955,"Guilherme Arantes"
956,"Gabriel   ( O Pensador )"
957,"Latino"
958,"Agepê"
959,"Zé Ramalho"
960,"Roberta Miranda"
961,"Sampa Crew"
962,"Marisa Monte"
963,"Cassia Ellen"
964,"Milton Carlos"
965,"Leandro & Leonardo"
966,"Adriana Calcanhoto"
967,"Alceu Valença"
968,"Belchior"
969,"Djavan"
970,"João Bosco"
971,"Milton Nascimento"
972,"Elomar"
973,"Vinicius de Moraes"
974,"Toquinho"
975,"Lenine / Suzano"
976,"Rei"
977,"Reginaldo Rossi"
978,"Caetano Veloso"
979,"Lulu Santos"
980,"Elba Ramallho"
981,"Guilherme Arantes"
982,"Guilherme Arantes"
983,"Caetano e Gil"
984,"Maria Bethânia"
985,"Wando"
986,"Simone Bittencourt de Oliveira"
987,"Cazuza"
988,"W / Hits"
989,"Sandra de Sá"
990,"A Próxima Vítima"
991,"Engraçadinha"
992,"Sandy & Junior"
993,"Elomar / Vital Farias / Xangai / Geraldo Azevedo"
994,"Cida Moreyra"
995,"Angela Rôrô"
996,"Amado Batista"
997,"Ivan Lins"
998,"Adilson Ramos"
999,"Renata Arruda"
1000,"Amelhinha"
1001,"Jorge Cabeleira"
1002,"You Can Dance"
1003,"Mc D'eddy"
1004,"Cazuza"
1005,"Kleiton & Kledir"
1006,"Gal Costa"
1007,"Marina"
1008,"Belchior"
1009,"José Augusto"
1010,"Rap Brasil"
1011,"Fagner"
1012,"Beth Carvalho"
1013,"Milton Nascimento"
1014,"Emilio Santiago"
1015,"Elba Ramalho"
1016,"Núbia Lafayette"
1017,"Irmãos Coragem - 2"
1018,"Ney Matogrosso"
1019,"Adoniran Barbosa"
1020,"Gal Costa"
1021,"Caçarola"
1022,"Fagner"
1023,"Remix Baby"
1024,"Pinduca"
1025,"Mara"
1026,"Tony Ramos"
1027,"Fátima Guedes"
1028,"Jorge Ben Jor"
1029,"Luís Melodia"
1030,"Toquinho"
1031,"Zé Ramalho"
1032,"Cauby Peixoto"
1033,"Zezé di Camargo & Luciano"
1034,"Fafá de Belém "
1035,"Flávio Venturini"
1036,"Altemar Dutra"
1037,"Renato e Seus Blue Caps"
1038,"Trio Irakitan"
1039,"MD Mc's"
1040,"João Bosco"
1041,"Dulce Dantas"
1042,"Linda e Dircinha Batista"
1043,"Eugénia Melo Castro"
1044,"João Bosco"
1045,"João Bosco"
1046,"Raul Seixas"
1047,"Lulu Santos"
1048,"Maria Bethânia"
1049,"Fagner"
1050,"Eliana"
1051,"Demônios da Garoa"
1052,"Chico Buarque"
1053,"Oswaldo Montenegro"
1054,"A Bela & a Fera"
1055,"Allan Montarroyos"
1056,"Wando"
1057,"Djavan"
1058,"Raphael Rabello"
1059,"Eduardo"
1060,"Djavan"
1061,"Maria Bethânia"
1062,"Nelson Gonçalves"
1063,"Isaurinha Garcia & Noite Ilustrada"
1064,"Funk Total"
1065,"Kid Abelha"
1066,"Jane Duboc"
1067,"Gal Costa"
1068,"Vânia Bastos"
1069,"Cássia Eller"
1070,"Leo Gandelman"
1071,"Adriana Calcanhoto"
1072,"Alceu Valença"
1073,"João Bosco"
1074,"Lulu Santos"
1075,"Milton Nascimento"
1076,"Décio Rocha"
1077,"Alcione"
1078,"Fafá de Belém"
1079,"Angela Maria"
1080,"Os Quatro Grandes"
1081,"Lúcio Alves"
1082,"Lúcio Alves"
1083,"As Eternas Cantoras do Rádio"
1084,"Elymar"
1085,"Os Incríveis"
1086,"Silvio Caldas"
1087,"Violas &  Repentes"
1088,"Os Serranos"
1089,"Aves Brasileiras"
1090,"Costinha "
1091,"Dercy Gonçalves"
1092,"Hinos dos Campeões"
1093,"O Grito da Independência"
1094,"Datas Festivas"
1095,"Disney - Super Hits "
1096,"Cantigas de Roda"
1097,"Cinderela, João & Maria"
1098,"Pinóquio"
1099,"Branca de Neve"
1100,"Chapeuzinho Vermelho"
1101,"Cinderela"
1102,"Cavaleiros do Zodíaco"
1103,"Autores - Caetano / Milton / Djavan"
1104,"Canhoto da Paraíba"
1105,"Paramount - Templo da Bossa"
1106,"Lô Borges"
1107,"Chitãozinho & Xororó"
1108,"Tânia Alves"
1109,"Fevers"
1110,"Belchior"
1111,"Benito de Paula"
1112,"Belchior"
1113,"Benito di Paula"
1114,"Cauby Peixoto"
1115,"MPB 4"
1116,"Cassia Eller"
1117,"Roupa Nova"
1118,"Fagner"
1119,"Chico Buarque"
1120,"MPB 1"
1121,"Caetano Veloso"
1122,"Dick Farney"
1123,"Reginaldo Rossi"
1124,"Jessé"
1125,"Roberto Carlos"
1126,"A Cor do Som"
1127,"Mulheres 95"
1128,"Chico Buarque"
1129,"Gabriel - O Pensador"
1130,"Selma Reis"
1131,"Chico Buarque"
1132,"Sergio Reis"
1133,"Tim Maia"
1134,"Roberto Carlos"
1135,"Tributo a um Campeão"
1136,"Malhação"
1137,"História de Amor"
1138,"Priscila"
1139,"Xuxa"
1140,"Fábio Jr."
1141,"Simone"
1142,"Ney Matogrosso"
1143,"Joanna"
1144,"Dalto"
1145,"Jorge Ben"
1146,"Martinho da Vila"
1147,"Danças de Salão"
1148,"Roberta Miranda"
1149,"Ritmos do Brasil"
1150,"Chorinhos de Ouro"
1151,"Os 3 Malandros"
1152,"Carlos José"
1153,"Cara & Caroa"
1154,"Jovem Guarda"
1155,"Zé Geraldo"
1156,"Lobão"
1157,"Sérgio Reis"
1158,"Altemar Dutra"
1159,"Amelhinha"
1160,"Maysa"
1161,"Joanna"
1162,"Made In Brazil"
1163,"Jair Rodrigues"
1164,"Altemar Dutra"
1165,"Beto Barbosa"
1166,"Roberta Miranda"
1167,"Roberta Miranda"
1168,"Roberta Miranda"
1169,"Zezé di Camargo & Luciano"
1170,"Gilliard"
1171,"Fernanda Abreu"
1172,"Gilberto Gil"
1173,"Caetano Veloso"
1174,"Gonzaguinha"
1175,"Paulo Diniz"
1176,"Adilson Ramos"
1177,"Mamonas Assassinas"
1178,"Zélia Duncan"
1179,"Zé Lesim da Paraíba"
1180,"Seu Boneco"
1181,"Afonso Nigro"
1182,"João Gilberto"
1183,"Beto Guedes"
1184,"Sandra de Sá"
1185,"Watusi"
1186,"Zé Ramalho"
1187,"Xuxa"
1188,"Hinos do Futebol Brasileiro"
1189,"Cazuza"
1190,"Geraldo Azevedo"
1191,"Agepê"
1192,"Elba Ramalho"
1193,"Roberto Carlos"
1194,"Cash Box 10"
1195,"Paulo Goulart e Nicete Bruno"
1196,"Leila Pinheiro"
1197,"Paquitas"
1198,"Cássia Eller"
1199,"Belchior"
1200,"Elis Regina"
1201,"Clara Nunes"
1202,"Sandy e Júnior"
1203,"Festa de Arromba"
1204,"Kátia"
1205,"Clube do Seu Boneco"
1206,"João Bosco"
1207,"Joanna"
1208,"Mamonas Assassinas"
1209,"Alceu Valença"
1210,"Chico Buarque"
1211,"Marina"
1212,"Simone"
1213,"Simone"
1214,"O Passado é Uma Parada"
1215,"Bezerra da Silva"
1216,"Power Rangers"
1217,"Mariane"
1218,"Carrossel"
1219,"Rap Brasil 2"
1220,"Marisa Monte"
1221,"Jorge Vercilo"
1222,"Simonny"
1223,"Moraes Moreira"
1224,"Angélica"
1225,"Leandro & Leonardo"
1226,"José Augusto"
1227,"Leny Andrade"
1228,"Jamelão"
1229,"Regininha Perigosa"
1230,"As Pupilas do Senhor Reitor"
1231,"O Quatrilho"
1232,"Jovem Guarda - Os Reis do Iê - Iê - Iê       "
1233,"Jovem Guarda - Os Reis do Iê - Iê - Iê"
1234,"Jovem Guarda - Os Reis do Iê - Iê - Iê"
1235,"Jovem Guarda - Os Reis do Iê - Iê - Iê"
1236,"Jovem Guarda - Os Reis do Iê -  Iê - Iê"
1237,"Biafra"
1238,"Elomar "
1239,"Gilberto Gil"
1240,"Ed Mota"
1241,"Almir Sater"
1242,"Leny Andrade"
1243,"Pery Ribeiro"
1244,"Sivuca"
1245,"Altamiro Carrilho"
1246,"Ataulfo Alves"
1247,"Severino Araújo"
1248,"Zimbo Trio"
1249,"Xuxa"
1250,"Waldick Soriano"
1251,"Patrícia Marx"
1252,"João Bosco"
1253,"Alcione"
1254,"Fábio Jr."
1255,"Leonardo"
1256,"Bezerra da Silva"
1257,"Sergio Mallandro"
1258,"Lobão"
1259,"Danilo Caymmi"
1260,"Marina"
1261,"MPB  Momentos"
1262,"Coletânea Show Bizz"
1263,"Falcão"
1264,"Edson Gomes"
1265,"A Idade da Loba"
1266,"Vinícius de Moraes"
1267,"Serestas e Serenatas"
1268,"Besame Mucho"
1269,"Tv Colosso"
1270,"Angélica"
1271,"Roberto Carlos"
1272,"Roberto Carlos"
1273,"Roberto Carlos"
1274,"Roberto Carlos"
1275,"Roberto Carlos"
1276,"Tim Maia, Cassiano e Hildon"
1277,"Simone"
1278,"Chitãozinho & Xororó"
1279,"Wilson Simonal"
1280,"Miltinho"
1281,"Quinteto Violado"
1282,"Renato Russo"
1283,"Caetano Veloso"
1284,"João Bosco"
1285,"Lobão"
1286,"Ney Matogrosso / Secos & Molhados"
1287,"Yahoo"
1288,"Leo Jaime"
1289,"Caetano Veloso"
1290,"José Augusto"
1291,"Alceu Valença"
1292,"Renato Teixeira"
1293,"Nelson Gonçalves"
1294,"Nelson Gonçalves"
1295,"Chico Buarque de Holanda"
1296,"Roberto Carlos"
1297,"Jorge BenJor"
1298,"João Marcelo Boscoli & Cia"
1299,"Fábio Jr."
1300,"Caetano e Chico"
1301,"Nara Leão"
1302,"Joanna"
1303,"As Grandes Cantoras"
1304,"Roupa Nova"
1305,"Fagner"
1306,"Ednaldo Queiroz"
1307,"A Harpa e o Natal"
1308,"Feliz Natal"
1309,"Altemar Dutra"
1310,"Porradão do Funk"
1311,"Elis Regina / Maysa"
1312,"Elymar Santos"
1313,"Malhação  Vol. 2"
1314,"Sidney Magal"
1315,"Carlos José / Núbia Lafayette"
1316,"Emilinha Borba / Elizeth Cardoso"
1317,"Explode Coração"
1318,"Cazuza"
1319,"Caetano Veloso"
1320,"Henrique Annes"
1321,"Bantus"
1322,"Furacão 2000"
1323,"Edu Lobo / Chico Buarque"
1324,"Almir"
1325,"Maurício Mattar"
1326,"João Nogueira"
1327,"Gal Costa"
1328,"Simone"
1329,"Simone"
1330,"MPB 4"
1331,"Nelson Gonçalves"
1332,"Amado Batista"
1333,"Antonio Carlos e Jocafi"
1334,"Belchior"
1335,"Danilo Caymmi"
1336,"Jessé"
1337,"Dorival Caymmi"
1338,"Alcione"
1339,"Chitãozinho & Xororó"
1340,"Luiz Melodia"
1341,"Ivan Lins"
1342,"Lindomar Castilho"
1343,"Daniel Bueno"
1344,"Cartola"
1345,"Caetano Veloso"
1346,"Caetano Veloso"
1347,"Xuxa"
1348,"Ednardo"
1349,"Roupa Nova"
1350,"Djavan"
1351,"Leila Pinheiro"
1352,"Maurício Mattar"
1353,"Caetano, Gal, Gil & Bethânia"
1354,"Elba Ramalho"
1355,"Marcelo"
1356,"Nelson Gonçalves"
1357,"Sertanejo"
1358,"Orlando Silva"
1359,"Violas & Repentes"
1360,"Chico Buarque"
1361,"Ney Matogrosso & Aquarela Carioca"
1362,"Tribo de Jah"
1363,"Rap Brasil "
1364,"Jane Duboc"
1365,"Vânia Bastos"
1366,"Fátima Guedes"
1367,"Franzine"
1368,"Aguinaldo Timóteo"
1369,"Milton Nascimento"
1370,"Vinícius de Moraes"
1371,"Chico Buarque"
1372,"Antonio Carlos & Jocafi"
1373,"Wilson Simonal"
1374,"Cartola"
1375,"Guilherme Arantes"
1376,"Ney Matogrosso"
1377,"Banda Black Rio"
1378,"Gal Costa"
1379,"Paulinho da Viola"
1380,"Funk Melody 96"
1381,"Caçarola"
1382,"Eduardo Toledo"
1383,"Verônica Sabino"
1384,"Almir Sater"
1385,"Roberto Carlos"
1386,"Roberto Carlos"
1387,"Zé Ramalho e Fagner"
1388,"Léo Jaime e RPM"
1389,"Sá & Guarabyra"
1390,"Egberto Gismonti"
1391,"Egberto Gismonti"
1392,"Egberto Gismonti / Nana Vasconcelos"
1393,"Egberto Gismonti"
1394,"Egberto Gismonti Group"
1395,"Trio Irakitan"
1396,"Waldick Soriano"
1397,"Benito de Paula"
1398,"Sandra de Sá"
1399,"Sergio Reis"
1400,"Belchior"
1401,"Alcione"
1402,"Professor Antena"
1403,"Milton Banana"
1404,"Vinícius de Moraes"
1405,"Omeriah"
1406,"Ivan Lins"
1407,"Cartola"
1408,"Moreira da Silva"
1409,"Bezerra da Silva"
1410,"Maria Creuza"
1411,"Ronnie Von"
1412,"Taiguara"
1413,"The Fevers"
1414,"Paulo Sérgio"
1415,"Silvio Cesar"
1416,"Lambadas Brasileiras"
1417,"Altemar Dutra"
1418,"Altemar Dutra"
1419,"Elis Regina"
1420,"Para Animar a Festa"
1421,"Chico Buarque"
1422,"Belchior"
1423,"Maria Bethânia e Caetano Veloso"
1424,"Caetano Veloso"
1425,"Roberto Carlos"
1426,"Roberto Carlos"
1427,"Agnaldo Rayol"
1428,"Nelson Ned"
1429,"Almir"
1430,"Fafá de Belém"
1431,"Orquesta Tabajara"
1432,"Moacyr Franco"
1433,"Renascer 2"
1434,"Maria Bethânia"
1435,"Lucas & Matheus"
1436,"Chitãozinho & Xororó"
1437,"Agostinho dos Santos"
1438,"Adilson Ramos"
1439,"Wando"
1440,"Toquinho"
1441,"Simone"
1442,"Suzana Vieira"
1443,"Fábio Jr."
1444,"Mc Markynhos e Mc Dollores"
1445,"Juno"
1446,"Boca Livre"
1447,"O Melhor da Jovem Guarda"
1448,"Quem é Você"
1449,"Geraldo Azevedo"
1450,"Rosa Passos"
1451,"Secos & Molhados"
1452,"Fátima Guedes"
1453,"Sandro Becker"
1454,"Radio Hits"
1455,"Almir Sater"
1456,"Naná Vasconcelos"
1457,"Oswaldo Montenegro"
1458,"Brasil Hits"
1459,"Alípio Martins "
1460,"MPB 4"
1461,"Galego Aboiador"
1462,"Elomar / Geraldo Azevedo / Vital Farias / Xangai"
1463,"Falcão"
1464,"Xuxa"
1465,"Xuxa"
1466,"Roberta Miranda"
1467,"Canta Nordeste"
1468,"Chico César"
1469,"Boca Livre"
1470,"Teixeira de Manaus"
1471,"As Sertanejas Mais Românticas"
1472,"Nosso Grande Amor"
1473,"Simples e Absurdo"
1474,"Caetano Veloso"
1475,"Emílio Santiago"
1476,"Angela Maria"
1477,"Chico Buarque"
1478,"Chico Buarque"
1479,"Chico Buarque"
1480,"Chico Buarque"
1481,"Chico Buarque"
1482,"Cássia Eller"
1483,"Latino"
1484,"Reginaldo Rossi"
1485,"Baianos & os Novos Caetanos"
1486,"Zezé di Camargo & Luciano"
1487,"Fábio Jr."
1488,"João Bosco"
1489,"Ney Matogrosso"
1490,"Tiririca"
1491,"Caju e Castanha"
1492,"Nôca do Acordeon"
1493,"Vinícius de Moraes"
1494,"Jorge Ben Jor"
1495,"Cantigas de Roda"
1496,"Brincando e Cantando"
1497,"Gilberto Gil "
1498,"Gilberto Gil"
1499,"Caetano Veloso"
1500,"Fernanda Abreu"
1501,"Trepidant's"
1502,"Gian e Giovani"
1503,"Zé Ramalho"
1504,"Orlando Dias"
1505,"Paulo Sérgio"
1506,"José Ribeiro"
1507,"Elba Ramalho"
1508,"Maria da Paz"
1509,"Geraldo Azevedo"
1510,"MPB 4"
1511,"Vira Lata"
1512,"Wanderléa"
1513,"Raimundo Fagner"
1514,"Teixeira de Manaus"
1515,"Mestre Ambrósio"
1516,"Angela Maria"
1517,"Renato Teixeira e Xangai"
1518,"João Gilberto "
1519,"Maria Bethânia"
1520,"Os Hinos dos Grandes Clubes Brasileiros"
1521,"Quinteto Violado"
1522,"João Paulo & Daniel"
1523,"Gilberto Gil"
1524,"Marina"
1525,"Pânico"
1526,"Edu & Bethânia"
1527,"Elis Regina"
1528,"Caetano Veloso"
1529,"Caetano Veloso"
1530,"Caetano Veloso"
1531,"Sidney Magal"
1532,"Donizete"
1533,"Maurício Reis"
1534,"Adilson Ramos"
1535,"Aguinaldo Timóteo"
1536,"O Fim do Mundo"
1537,"Elba Ramalho"
1538,"Clemilda e Sandro Becker"
1539,"Amigos"
1540,"Edson Cordeiro"
1541,"Fagner"
1542,"Roupa Nova"
1543,"Cantando Com os Bichos"
1544,"Tânia Alves"
1545,"Carlos André"
1546,"Nana Caymmi"
1547,"Roberto Carlos"
1548,"Márcio Greyck"
1549,"Fábio Jr."
1550,"Adilson Ramos"
1551,"Sula Miranda"
1552,"M.P.B."
1553,"Jovem Guarda"
1554,"Jovem Guarda"
1555,"Gonden Boys / Renato e Seus Blue Caps"
1556,"Zé Ramalho"
1557,"Diana Pequeno"
1558,"Malhação "
1559,"Eliana"
1560,"Zé Ramalho"
1561,"Tribo de Jah e Fauzi Beydoun "
1562,"Márcia"
1563,"Lô Borges"
1564,"Aguinaldo Timóteo"
1565,"Xuxa "
1566,"Rita Lee / Gilberto Gil"
1567,"Dalva de Oliveira"
1568,"Fagner / Elba / Zé e Amelinha"
1569,"Chico César"
1570,"Kakau Góis"
1571,"Benito di Paula"
1572,"Cazuza"
1573,"Leonardo"
1574,"Bitkids"
1575,"Golden Boys"
1576,"Wando"
1577,"Wando"
1578,"Wando"
1579,"Gal Costa"
1580,"Fagner"
1581,"Alceu Valença"
1582,"Geraldo Azevedo"
1583,"Zizi Possi"
1584,"Orlando Morais "
1585,"O Rei do Gado"
1586,"Alceu Valença"
1587,"Olivia Byington"
1588,"Castelo Rá-Tim-Bum"
1589,"Flávio Venturini"
1590,"Luiz Carlos Magno"
1591,"Amado Batista"
1592,"Ritchie"
1593,"Quinteto Violado"
1594,"Raul de Barros"
1595,"Alceu Valença"
1596,"Alceu Valença"
1597,"Alceu Valença"
1598,"Chitãozinho & Xororó"
1599,"Nouvelle Cuisine"
1600,"Zé Renato"
1601,"Elizeth Cardoso e Silvio Caldas"
1602,"Luiz Vieira"
1603,"A Arca de Noé"
1604,"Paulinho Moska"
1605,"Noel Rosa"
1606,"João Mineiro e Mariano"
1607,"Leo Gandelman"
1608,"Roberto Muller"
1609,"Leila Pinheiro"
1610,"Wando"
1611,"Pedrinho Mattar"
1612,"Renata Arruda"
1613,"Daniel Gonzaga"
1614,"Amado Batista"
1615,"Amado Batista"
1616,"Trepidant's"
1617,"Fevers"
1618,"Leandro & Leonardo"
1619,"Erasmo Carlos"
1620,"Leandro & Leonardo"
1621,"Sampa Crew"
1622,"Zé Ramalho"
1623,"Erasmo Carlos"
1624,"Golden Boys"
1625,"Roberto Carlos"
1626,"Roberto Carlos"
1627,"Marcelo Augusto"
1628,"Maria Creuza"
1629,"Belchior"
1630,"Oswaldo Montenegro"
1631,"Guilherme Arantes"
1632,"Joyce"
1633,"Marina Lima"
1634,"Ney Matogrosso"
1635,"Jorge Vercilo"
1636,"Gilberto Gil"
1637,"Tetê Espíndola"
1638,"Elis Regina"
1639,"Almir Sater"
1640,"Sérgio Reis"
1641,"Augusto César"
1642,"A Cor do Som"
1643,"Orlando Dias"
1644,"Silvio Cesar"
1645,"Altamiro Carrilho"
1646,"Hinos do Campeões"
1647,"Hinos e Marchas"
1648,"Tempos de Bossa Nova - Vol.1"
1649,"Tom Jobim"
1650,"Djavan"
1651,"O Rei do Gado "
1652,"Tieta do Agreste"
1653,"Mara Maravilha"
1654,"Leo Jaime"
1655,"Anjo de Mim"
1656,"João Paulo & Daniel"
1657,"Paulinho da Viola"
1658,"Taiguara"
1659,"Dance Rei"
1660,"Carrapicho"
1661,"Fernando Mendes"
1662,"Kiko Zambianchi"
1663,"Celly Campello"
1664,"Gugu"
1665,"Sandy e Júnior"
1666,"Gal Costa"
1667,"Arlindo Jr."
1668,"Carrapicho"
1669,"Caprichoso"
1670,"Filhos da Mata"
1671,"Boi-Bumbá - Garantido"
1672,"Maria Bethânia"
1673,"Orquestra da Terra"
1674,"Angélica"
1675,"Carequinha"
1676,"Nando Cordel"
1677,"Xuxa"
1678,"Caetano / Gal / Gil / Bethânia"
1679,"Carlos Alberto"
1680,"Vicente Celestino"
1681,"Selma Reis"
1682,"Vânia  Bastos"
1683,"Raimundo Fagner"
1684,"Sérgio Reis"
1685,"Márcia Salomon"
1686,"Toquinho e Vinícius"
1687,"Tempos de Bossa Nova"
1688,"Tempos de Bossa Nova"
1689,"Reginaldo Rossi"
1690,"Jovem Guarda"
1691,"Jovem Guarda"
1692,"Marisa Monte"
1693,"André Rio"
1694,"José Augusto"
1695,"Simonny"
1696,"Simone"
1697,"Moraes Moreira"
1698,"Roberto Carlos"
1699,"Salsa e Merengue"
1700,"Adoniram Barbosa"
1701,"Alceu, Elba, Geraldo e Zé Ramalho"
1702,"Caetano Veloso"
1703,"Leandro & Leonardo"
1704,"Sandy & Júnior "
1705,"Menino Maluquinho"
1706,"Leandro & Leonardo"
1707,"Alcione"
1708,"Renato e Seus Blue Caps"
1709,"Fafá de Belém"
1710,"Reginaldo Rossi"
1711,"Lazzo"
1712,"Marina Lima"
1713,"Zélia Duncan"
1714,"Fábio Jr."
1715,"Roberto Carlos"
1716,"Simone"
1717,"Elymar Santos"
1718,"14 Bis"
1719,"Sandy & Júnior"
1720,"Kleiton e Kledir"
1721,"Alípio Martins"
1722,"Emilio Santiago"
1723,"Moacyr Franco"
1724,"Roberta Miranda"
1725,"De Volta aos 80"
1726,"Pinduca"
1727,"Balthazar"
1728,"Maurício Reis"
1729,"As Marcianas"
1730,"De Volta aos Anos 40"
1731,"De Volta aos Anos 50"
1732,"De Volta aos Anos 60"
1733,"Renato Fechine"
1734,"Moacyr Franco"
1735,"Dalto "
1736,"Fagner"
1737,"Tom Cavalcante"
1738,"Rap's Hits"
1739,"Malhação"
1740,"Wanderléa"
1741,"Banda Pão Com Ovo"
1742,"Waldir Azevedo"
1743,"Copacabana Beat"
1744,"Nando Cordel"
1745,"Kakau Góis"
1746,"Alceu Valença"
1747,"Belchior"
1748,"Quinteto Violado"
1749,"Francisco Alves"
1750,"Quarteto em Cy"
1751,"A Cor do Som"
1752,"Ney Matogrosso"
1753,"Roberto Carlos"
1754,"Cesar Camargo Mariano"
1755,"Beto Barbosa"
1756,"Ivanildo Sax de Ouro"
1757,"Baby Consuelo"
1758,"Jane Duboc"
1759,"Adoniran Barbosa"
1760,"Ary Barroso"
1761,"Thaide e DJ. Hum"
1762,"Fafá de Belém"
1763,"Gonzaguinha"
1764,"Sandra de Sá"
1765,"A Indomada"
1766,"Planeta Atlântida Hits"
1767,"De Volta aos Anos 70"
1768,"Amigos "
1769,"Alcides Gerardi"
1770,"Tiririca"
1771,"Java"
1772,"Remix Sertanejo"
1773,"Teca Calazans"
1774,"Reginaldo Rossi"
1775,"Roberta Miranda"
1776,"Angélica"
1777,"Gilberto Gil"
1778,"Canta Nordeste"
1779,"Nilton Cesár"
1780,"Caetano Veloso"
1781,"Xuxa"
1782,"Aurio Corrá"
1783,"André Rocha & Vagner Nazareth"
1784,"Zé Ramalho"
1785,"Madrigal do Recife"
1786,"Joana"
1787,"Falcão"
1788,"Klinger Araújo"
1789,"Tânia Alves"
1790,"Claudinho & Buchecha"
1791,"Conjunto Pernambucano de Choro"
1792,"Pena Branca & Xavantinho"
1793,"Chrystian & Ralf"
1794,"Odair José"
1795,"Elba Ramalho"
1796,"Alceu Valença"
1797,"Zaza"
1798,"Milton Nascimento"
1799,"Velho Xaveco"
1800,"Paulinho da Viola"
1801,"Paulinho da Viola"
1802,"Zé Ramalho"
1803,"Xuxa"
1804,"Parabéns Pra Você"
1805,"Cássia Eller"
1806,"Leandro & Leonardo"
1807,"Paulinho da Viola"
1808,"Aguinaldo Rayol"
1809,"M.F.C. - Movimento Funk Club"
1810,"Maria Bethânia"
1811,"Paulo Ricardo"
1812,"O Choro das Cordas"
1813,"Paulo Sérgio"
1814,"Agnaldo Timóteo"
1815,"A Indomada"
1816,"Paquitas"
1817,"Hercúles "
1818,"Paulinho Moska"
1819,"Bartô Galeno"
1820,"Fernanda Abreu"
1821,"José Augusto"
1822,"Nando Cordel"
1823,"Fagner"
1824,"Chico César"
1825,"Xuxa"
1826,"Amado Batista"
1827,"Leonardo"
1828,"Gabriel O Pensador"
1829,"Maurício Mattar"
1830,"Amado Batista"
1831,"Rita Ribeiro"
1832,"Pedro Camargo Mariano"
1833,"Edson Gomes"
1834,"Zé Ramalho"
1835,"Allan Montarroyos"
1836,"Zezé di Camargo"
1837,"Capoeira Cordão de Ouro"
1838,"Zezé di Camargo & Luciano"
1839,"Geraldo Azevedo"
1840,"Amado Batista"
1841,"Novos Baianos"
1842,"Bailão de Peão"
1843,"Bailão de Peão"
1844,"Eliana"
1845,"Anjo Mau"
1846,"Baile Perfumado"
1847,"Wando"
1848,"Fauzi Beydoum"
1849,"Roberta Miranda"
1850,"Angélica"
1851,"Gal Costa"
1852,"Edson Gomes"
1853,"Xuxa"
1854,"Antonio Nóbrega"
1855,"Lenine"
1856,"João Gilberto / Stan Getz"
1857,"Baby Mix"
1858,"Chitãozinho & Xororó"
1859,"Osvaldo Montenegro"
1860,"Os Saltimbancos"
1861,"Pintando o Sete na Sua Festa"
1862,"Roberto Carlos"
1863,"Zezé di Camargo & Luciano"
1864,"Chiquititas"
1865,"Ney Matogrosso"
1866,"Sandy e Júnior"
1867,"Rider Hits"
1868,"Jorge Ben Jor"
1869,"Alcione"
1870,"Evaldo Braga"
1871,"Banda Labaredas"
1872,"Sandy e Júnior"
1873,"Daúde"
1874,"Quarteto em Cy e MPB 4"
1875,"Nelson Gonçalves"
1876,"Vânia Abreu"
1877,"Zeca Baleiro"
1878,"Roupa Nova"
1879,"João Bosco"
1880,"Natal Legal"
1881,"Gilberto Gil"
1882,"Chico Buarque"
1883,"Simone"
1884,"Sergio Reis"
1885,"José Augusto"
1886,"Nelson Gonçalves"
1887,"Amado Batista"
1888,"Fábio Júnior"
1889,"Paulinho da Viola"
1890,"Chico Buarque"
1891,"O Grande Encontro "
1892,"Chitãozinho e Xororó"
1893,"João Paulo e Daniel"
1894,"Claudinho e Bochecha"
1895,"Xuxa"
1896,"Por Amor"
1897,"Emilio Santiago"
1898,"Maria Bethânia"
1899,"Elba Ramalho"
1900,"Luiz Melodia"
1901,"Angela Maria"
1902,"Ivan Lins"
1903,"Mara Maravilha"
1904,"Carrapicho"
1905,"Roberto Carlos"
1906,"Renato Russo"
1907,"Fincabaute"
1908,"Zezé di Camargo e Luciano"
1909,"Simone"
1910,"Zizi Possi"
1911,"Fábio Júnior"
1912,"Caetano Veloso"
1913,"Vanessa Rangel"
1914,"Antúlio Madureira"
1915,"Antúlio Madureira"
1916,"Racionais Mc's"
1917,"Reginaldo Rossi"
1918,"Moraes Moreira"
1919,"Reginaldo Rossi"
1920,"Ed Motta"
1921,"Cristina Amaral"
1922,"Baby do Brasil"
1923,"Renato Braz"
1924,"Corpo Dourado"
1925,"Antonio de Nóbrega"
1926,"André Rio"
1927,"Ivan Lins"
1928,"Ivan Lins"
1929,"Alceu Valença"
1930,"Moraes Moreira"
1931,"Noite Ilustrada"
1932,"Maria Bethânia"
1933,"A Noite do Brega"
1934,"Altamiro Carrilho"
1935,"Bananas de Pijama"
1936,"Chiquititas"
1937,"Roberto Villar"
1938,"Elza Soares"
1939,"Amigos"
1940,"Festa da Música"
1941,"Balão Mágico"
1942,"Agnaldo Timóteo"
1943,"Agnaldo Rayol"
1944,"Elymar Santos"
1945,"Era Uma Vez"
1946,"Rumo ao Penta"
1947,"Rá-Tim-Bum"
1948,"Agita Brasil"
1949,"Torre de Babel"
1950,"Hilda Furacão"
1951,"Leandro e Leonardo"
1952,"Chitãozinho & Xororó"
1953,"Cauby Peixoto"
1954,"Byafra"
1955,"Milton Nascimento"
1956,"Milton Nascimento"
1957,"Tânia Alves"
1958,"Guilherme Arantes"
1959,"Roberta Miranda"
1960,"José Augusto"
1961,"Peninha"
1962,"Gonzaguinha"
1963,"Gonzaguinha"
1964,"Antúlio Madureira"
1965,"Top Brega"
1966,"Ed Motta"
1967,"Fagner"
1968,"Adriana Calcanhotto"
1969,"Simone"
1970,"Rodolfo & ET"
1971,"Marina Lima"
1972,"Vinny"
1973,"Milton Nascimento"
1974,"Racionais Mc's"
1975,"Zezé di Camargo & Luciano"
1976,"Liberdade de Expressão"
1977,"Peninha"
1978,"Malhação"
1979,"Malhação"
1980,"Eliana"
1981,"Daniel"
1982,"Djavan"
1983,"Meu Bem Querer"
1984,"Fat Family"
1985,"Xuxa"
1986,"Festa da Música 2"
1987,"Sandy e Júnior"
1988,"Bananas de Pijamas"
1989,"Tom Jobim"
1990,"Milton Nascimento"
1991,"Tribo de Jah"
1992,"Família Lima"
1993,"Fábio Júnior"
1994,"Zélia Duncan"
1995,"Maurício Mattar"
1996,"Pecado Capital"
1997,"Nana Caymmi"
1998,"Bezerra da Silva"
1999,"Sandra de Sá"
2000,"Chiquititas"
2001,"Angélica"
2002,"Caetano Veloso"
2003,"Claudinho e Bochecha"
2004,"O Som dos Baixinhos"
2005,"Tim Maia"
2006,"Ivan Lins"
2007,"José Ribeiro"
2008,"Leandro"
2009,"Labirinto"
2010,"Zizi Possi"
2011,"Os Saltimbancos"
2012,"Adriana Calcanhoto"
2013,"Emilio Santiago"
2014,"Caetano Veloso"
2015,"Chico Buarque"
2016,"Zé Ramalho"
2017,"Fafá de Belém"
2018,"Alcione"
2019,"Edson Cordeiro"
2020,"Reginaldo Rossi"
2021,"Roberto Carlos"
2022,"Meninas Cantoras de Petrópolis"
2023,"Alô Belém"
2024,"Nativus"
2025,"Joanna"
2026,"Gal Costa"
2027,"Leandro & Leonardo"
2028,"Geraldo Azevedo"
2029,"Labaredas"
2030,"Amigos Para Sempre"
2031,"Selma do Coco"
2032,"Moacir Franco"
2033,"Cazuza"
2034,"Noite Ilustrada"
2035,"Gian e Giovani"
2036,"André Rio"
2037,"Pepê & Neném"
2038,"Antonio Nóbrega"
2039,"Leandro e Leonardo"
2040,"Aquárius"
2041,"Sivuca"
2042,"Cavalo de Pau"
2043,"Mastruz Com Leite"
2044,"Banda Líbanos"
2045,"Catuaba Com Amendoim"
2046,"Magníficos"
2047,"Caviar Com Rapadura"
2048,"Rabo de Saia"
2049,"Calango Aceso"
2050,"Banda Beijo"
2051,"100 % "
2052,"Banda Eva"
2053,"Ricardo Chaves"
2054,"Banda Mel"
2055,"Carlinhos Brown"
2056,"Daniela Mercury"
2057,"É o Tchan"
2058,"Jammil e Uma Noites"
2059,"Netinho"
2060,"Companhia do Pagode"
2061,"Axé Brasil"
2062,"Asa de Águia"
2063,"Viva Bahia"
2064,"Cheiro de Amor"
2065,"Timbalada"
2066,"Banda Eva"
2067,"Cid Guerreiro"
2068,"Sem Compromisso"
2069,"Sem Compromisso"
2070,"Fundo de Quintal"
2071,"Grupo Raça"
2072,"Exaltasamba"
2073,"O Melhor do Pagode"
2074,"Toke Divinal"
2075,"Agito 98"
2076,"Roda de Pagode"
2077,"Os Morenos"
2078,"Molejo"
2079,"Padang"
2080,"Curtsamba"
2081,"Malícia"
2082,"Zeca Pagodinho"
2083,"Samba Enredo 99"
2084,"Pega no Pagode"
2085,"Raça Pura"
2086,"Transa Samba"
2087,"Beth Carvalho"
2088,"Samba e Pagode"
2089,"Art Popular"
2090,"Gang do Samba"
2091,"Trasamba"
2092,"Os Morenos"
2093,"Shirley Carvalhaes"
2094,"Padre Marcelo Rossi"
2095,"Padre Marcelo Rossi"
2096,"Cid Moreira"
2097,"Cid Moreira"
2098,"Cid Moreira"
2099,"Cid Moreira"
2100,"Cid Moreira"
2101,"Cid Moreira"
2102,"Cid Moreira"
2103,"Cid Moreira"
2104,"Cid Moreira"
2105,"Cid Moreira"
2106,"Cid Moreira"
2107,"Cid Moreira"
2108,"Catedral"
2109,"Kim"
2110,"Gospel"
2111,"Álvaro Tito"
2112,"Cassiane"
2113,"Novo Som"
2114,"Julio Iglesias"
2115,"Madonna"
2116,"Queen"
2117,"Enya"
2118,"Enya"
2119,"Enya"
2120,"The Manhattan Transfer"
2121,"Paul McCartney"
2122,"Paul McCartney"
2123,"The Beatles"
2124,"Bee Gees"
2125,"Nat King Cole"
2126,"Mariah Carey"
2127,"Natalie Cole"
2128,"The Art Of Jazz"
2129,"The Art Of Jazz"
2130,"The Art Of Jazz"
2131,"The Art Of Jazz"
2132,"The Art Of Jazz"
2133,"Conway Twitty"
2134,"Gene Vincent"
2135,"Giants Of Rock'n'Roll"
2136,"Chicago"
2137,"Little Richard"
2138,"Duke Ellington"
2139,"Cruisin"
2140,"Muddy Waters"
2141,"George Benson"
2142,"Nina Simone"
2143,"Billy Ocean"
2144,"Elton John"
2145,"Bob Marley"
2146,"Rod Stewart"
2147,"Eric Clapton"
2148,"Eric Serra"
2149,"Sting"
2150,"Pink Floyd"
2151,"Bryan Adams"
2152,"Frank Sinatra"
2153,"A-Ha"
2154,"Phil Collins"
2155,"DJ's"
2156,"Placido Domingos"
2157,"Vangelis"
2158,"Vangelis"
2159,"Tears For Fears"
2160,"Tina Turner"
2161,"U2"
2162,"Freddie Mercury"
2163,"Mariah Carey"
2164,"Rolling Stone"
2165,"Tracy Chapman"
2166,"George Michael"
2167,"Freddie Mercury"
2168,"Diana Ross"
2169,"Diana Ross"
2170,"Cyndi Lauper"
2171,"Kenny G"
2172,"Pet Shop Boys"
2173,"Electronic Musical Instruments"
2174,"As Músicas Imortais do Cinema"
2175,"Steeleye Span"
2176,"Fats Waller"
2177,"Simply Red"
2178,"Prince"
2179,"The Beatles"
2180,"The Beatles"
2181,"Double You"
2182,"Madonna"
2183,"Sinéad O'connor"
2184,"Guns N'Roses"
2185,"Sade"
2186,"Barbra Streisand"
2187,"Forrest Gump"
2188,"Santana"
2189,"Culture Beat"
2190,"UB 40"
2191,"Santana"
2192,"Alpha Blondy"
2193,"Ray Conniff"
2194,"Ray Conniff"
2195,"Michael Jackson"
2196,"Nat King Cole"
2197,"Natalie Cole"
2198,"Prince"
2199,"Pret-a-Porter (O Filme)"
2200,"Prince"
2201,"Rock 'N' Roll"
2202,"Disco 95"
2203,"D.J. Bobo"
2204,"Michael Jackson e Diana Ross"
2205,"Kenny G"
2206,"Michael Jackson"
2207,"Frank Sinatra"
2208,"Elvis Presley"
2209,"D.J's Hits"
2210,"D.J's Parade"
2211,"Dire Straits"
2212,"Liza"
2213,"Christopher Cross"
2214,"INXS"
2215,"A Viagem (Novela)"
2216,"Whirtney Houston"
2217,"Richard Clayderman"
2218,"Elton John"
2219,"Frank Sinatra"
2220,"Rolling Stones"
2221,"Rolling Stones"
2222,"Stevie Wonder"
2223,"Unplugged Collection"
2224,"Rolling Stones"
2225,"Reggae"
2226,"Bob Marley And The Wailers"
2227,"Ramones"
2228,"Kitaro"
2229,"Kitaro"
2230,"UB 40"
2231,"Rolling Stones"
2232,"Eric Clapton"
2233,"Rod Stewart"
2234,"Sepultura"
2235,"Whitesnake"
2236,"Scorpions"
2237,"Para ser substituido por um recente"
2238,"The Cure"
2239,"Willie Nelson"
2240,"Van Halen"
2241,"Loreena Mickenitt"
2242,"Scorpions"
2243,"Luis Miguel"
2244,"Zamfir"
2245,"D.J. Bobo"
2246,"Midnight Oil"
2247,"Midnight Oil"
2248,"The Clash"
2249,"Reggae Hits"
2250,"Black Uauru"
2251,"John Lennon"
2252,"Maxi Dance"
2253,"Undercover"
2254,"Undercover"
2255,"Rush"
2256,"Pink Floyd"
2257,"Alpha Blondy"
2258,"Frank Sinatra"
2259,"Nirvana"
2260,"Freddie Mercury"
2261,"Dire Straits"
2262,"Prince"
2263,"Prince"
2264,"Ofra Haza"
2265,"Glória Stefan"
2266,"The Doors (O Filme)"
2267,"The Doors"
2268,"Eurythmics"
2269,"The Doors"
2270,"Jimi Hendrix"
2271,"Robson Vidal"
2272,"Top Surprise"
2273,"Jimmy Cliff"
2274,"DJ Shopping Dance Now"
2275,"Vitamina Club Hits"
2276,"Total Dance"
2277,"TV Hits - O Melhor Internacional de Novelas"
2278,"Temas Internacionais Com Sabor Latino"
2279,"Ray Conniff"
2280,"Paul Anka"
2281,"Donna Summer"
2282,"Tina Turner"
2283,"Gloryland"
2284,"Together"
2285,"Luther Vandross"
2286,"Grease"
2287,"Bob Dylan"
2288,"The Bootleg Series"
2289,"The Bootleg Series"
2290,"Black Beat"
2291,"Billie Holiday"
2292,"Ray Charles"
2293,"Louis Armstrong"
2294,"Ray Charles"
2295,"Night Feelings"
2296,"Jimi Hendrix"
2297,"Kenny Rogers"
2298,"Ella Fitzgerald"
2299,"Santana"
2300,"Audio News Jazz e Blues"
